{
    "f_score": 0.8866392361608488,
    "precision": 0.8880101233786777,
    "recall": 0.8891411687719368,
    "test_accuracy": 0.8866666666666667,
    "test_loss": 0.34104031019298164,
    "train_loss": 0.009402934739726686
}
