{
    "f_score": 0.7595249876298862,
    "precision": 0.7593548004506909,
    "recall": 0.7601776755438339,
    "test_accuracy": 0.76,
    "test_loss": 0.5264243645400837,
    "train_loss": 0.020223201096673766
}
